{"cameraMode":{"drawMode":0,"name":"Shaded","section":"Shading Mode"},"sceneLighting":true,"audioPlay":false,"sceneViewState":{"showFog":true,"showMaterialUpdate":false,"showSkybox":true,"showFlares":true,"showImageEffects":true,"showParticleSystems":true},"in2DMode":false,"pivot":{"x":25.020000457763673,"y":0.9499999284744263,"z":11.670000076293946},"rotation":{"x":-0.12943536043167115,"y":0.34110987186431887,"z":-0.04748125746846199,"w":-0.9298606514930725},"size":16.92257308959961,"orthographic":false}