{"cameraMode":{"drawMode":0,"name":"Shaded","section":"Shading Mode"},"sceneLighting":false,"audioPlay":false,"sceneViewState":{"showFog":true,"showMaterialUpdate":false,"showSkybox":false,"showFlares":true,"showImageEffects":true,"showParticleSystems":true},"in2DMode":false,"pivot":{"x":0.10000000149011612,"y":1.3677425384521485,"z":2.6517927646636965},"rotation":{"x":-0.08008716255426407,"y":0.8522826433181763,"z":-0.1369369477033615,"w":-0.4984499514102936},"size":22.0,"orthographic":false}